/*
SQLyog Ultimate v8.82 
MySQL - 5.6.24 : Database - home-decor
*********************************************************************
*/

/*!40101 SET NAMES utf8 */;

/*!40101 SET SQL_MODE=''*/;

/*!40014 SET @OLD_UNIQUE_CHECKS=@@UNIQUE_CHECKS, UNIQUE_CHECKS=0 */;
/*!40014 SET @OLD_FOREIGN_KEY_CHECKS=@@FOREIGN_KEY_CHECKS, FOREIGN_KEY_CHECKS=0 */;
/*!40101 SET @OLD_SQL_MODE=@@SQL_MODE, SQL_MODE='NO_AUTO_VALUE_ON_ZERO' */;
/*!40111 SET @OLD_SQL_NOTES=@@SQL_NOTES, SQL_NOTES=0 */;
CREATE DATABASE /*!32312 IF NOT EXISTS*/`home-decor` /*!40100 DEFAULT CHARACTER SET latin1 */;

USE `home-decor`;

/*Table structure for table `akses` */

DROP TABLE IF EXISTS `akses`;

CREATE TABLE `akses` (
  `id` int(11) NOT NULL AUTO_INCREMENT,
  `id_pemakai` int(11) DEFAULT NULL,
  `id_menu` tinyint(4) DEFAULT NULL,
  PRIMARY KEY (`id`)
) ENGINE=InnoDB AUTO_INCREMENT=3 DEFAULT CHARSET=latin1;

/*Data for the table `akses` */

insert  into `akses`(`id`,`id_pemakai`,`id_menu`) values (1,1,1),(2,1,2);

/*Table structure for table `akses_menu` */

DROP TABLE IF EXISTS `akses_menu`;

CREATE TABLE `akses_menu` (
  `id` int(11) NOT NULL AUTO_INCREMENT,
  `urutan` int(11) NOT NULL DEFAULT '0',
  `nama` varchar(50) NOT NULL,
  `url` varchar(100) NOT NULL DEFAULT '#',
  `level` varchar(1) NOT NULL,
  `induk` tinyint(4) NOT NULL DEFAULT '0',
  `icon` varchar(50) NOT NULL,
  PRIMARY KEY (`id`)
) ENGINE=InnoDB AUTO_INCREMENT=3 DEFAULT CHARSET=latin1;

/*Data for the table `akses_menu` */

insert  into `akses_menu`(`id`,`urutan`,`nama`,`url`,`level`,`induk`,`icon`) values (1,1,'Manajemen Menu','#','1',0,'fa fa-th'),(2,1,'Kategori','./modules/view/master-data/kategori.php','2',1,'-');

/*Table structure for table `img` */

DROP TABLE IF EXISTS `img`;

CREATE TABLE `img` (
  `id` bigint(20) NOT NULL AUTO_INCREMENT,
  `id_kategori` int(11) DEFAULT NULL,
  `nama` varchar(100) DEFAULT NULL,
  `deskripsi` varchar(100) DEFAULT NULL,
  PRIMARY KEY (`id`)
) ENGINE=MyISAM AUTO_INCREMENT=394 DEFAULT CHARSET=latin1;

/*Data for the table `img` */

insert  into `img`(`id`,`id_kategori`,`nama`,`deskripsi`) values (1,1,'01 Bed.jpg','Modern Collection Furnitures'),(2,1,'02 Bed Coffee Table.jpg','Modern Collection Furnitures'),(3,1,'03 Bed Silang.jpg','Modern Collection Furnitures'),(4,1,'05 Bookcase Lengkung.jpg','Modern Collection Furnitures'),(5,1,'06 Bookcase.jpg','Modern Collection Furnitures'),(6,1,'07 Large Bookcase.jpg','Modern Collection Furnitures'),(7,1,'08 Bar Chair.jpg','Modern Collection Furnitures'),(8,1,'09 Meh Dining Chair.jpg','Modern Collection Furnitures'),(9,1,'10 Rujen Chair.jpg','Modern Collection Furnitures'),(10,1,'11 Rujen Chair With Arm.jpg','Modern Collection Furnitures'),(11,1,'12 X Dining Chair.jpg','Modern Collection Furnitures'),(12,1,'13 X Dining Chair With Arm.jpg','Modern Collection Furnitures'),(13,1,'14 Bar Stool.jpg','Modern Collection Furnitures'),(14,1,'15 Bar Stool Kaki Segitiga.jpg','Modern Collection Furnitures'),(15,1,'16 Bar Stool Kotak Kaki Simple.jpg','Modern Collection Furnitures'),(16,1,'17 Bar Stool Kotak Kaki Silang.jpg','Modern Collection Furnitures'),(17,1,'18 Stool Bulat Kaki Bulat.jpg','Modern Collection Furnitures'),(18,1,'19 Stool Bulat Kaki Segitiga.jpg','Modern Collection Furnitures'),(19,1,'20 Stool Kotak Kaki Silang.jpg','Modern Collection Furnitures'),(20,1,'21 Stool Kotak Kaki Simple.jpg','Modern Collection Furnitures'),(21,1,'22 Combine Console.jpg','Modern Collection Furnitures'),(22,1,'23 Z Iron Console Table.jpg','Modern Collection Furnitures'),(23,1,'24 CoffeeTable Silang.jpg','Modern Collection Furnitures'),(24,1,'25 Circle Stainless Coffee Table.jpg','Modern Collection Furnitures'),(25,1,'26 Circle Coffee Table.jpg','Modern Collection Furnitures'),(26,1,'27 Coffee Table with Glass.jpg','Modern Collection Furnitures'),(27,1,'28 Stool Kotak.jpg','Modern Collection Furnitures'),(28,1,'29 Office Table.jpg','Modern Collection Furnitures'),(29,1,'30 Office Chair.jpg','Modern Collection Furnitures'),(30,1,'31 Bar Table.jpg','Modern Collection Furnitures'),(31,1,'32 Dining Table with SS.jpg','Modern Collection Furnitures'),(32,1,'33 Dining Table Natural Leg Wood 300.jpg','Modern Collection Furnitures'),(33,1,'34  Dining Table Natural Leg Wood 200.jpg','Modern Collection Furnitures'),(34,1,'35  Dining Table Jointing.jpg','Modern Collection Furnitures'),(35,1,'36 Dining Table With Black Iron base.jpg','Modern Collection Furnitures'),(36,1,'37 Dining Table With Natural Iron base.jpg','Modern Collection Furnitures'),(37,1,'38 Dining Table With Iron base.jpg','Modern Collection Furnitures'),(38,1,'39 Dining Table With Square Iron.jpg','Modern Collection Furnitures'),(39,1,'40 Meh Dining Table with T Leg.jpg','Modern Collection Furnitures'),(40,1,'41 Ribbon Table.jpg','Modern Collection Furnitures'),(41,1,'42 Slat Bench.jpg','Modern Collection Furnitures'),(42,1,'43 Profil Bench.jpg','Modern Collection Furnitures'),(43,1,'44 Natural Bench 150.jpg','Modern Collection Furnitures'),(44,1,'45 Natural Bench 200.jpg','Modern Collection Furnitures'),(45,1,'46 Natural Bench with Stainless Leg 150.jpg','Modern Collection Furnitures'),(46,1,'47  Natural Bench with Stainless Leg 200.jpg','Modern Collection Furnitures'),(47,1,'48 Rujen Bench.jpg','Modern Collection Furnitures'),(48,2,'01 Balet dan Couple.jpg','Craft Collection Furnitures'),(49,2,'02 Bonsai dan Anggur.jpg','Craft Collection Furnitures'),(50,2,'03 Hanger Gentong dan Single.jpg','Craft Collection Furnitures'),(51,2,'04 Ibu Anak Small.jpg','Craft Collection Furnitures'),(52,2,'05 Kiss dan Penari.jpg','Craft Collection Furnitures'),(53,2,'06 Rak Daun.jpg','Craft Collection Furnitures'),(54,2,'07 Tempat Buah Lengkung, A dan B.jpg','Craft Collection Furnitures'),(55,2,'08 Anting Sono, Banteng dan Naga.jpg','Craft Collection Furnitures'),(56,2,'09 Gajah dan Katak.jpg','Craft Collection Furnitures'),(57,2,'10 Guci.jpg','Craft Collection Furnitures'),(58,2,'11 Mangkok, Nampan Sono dan Kaki.jpg','Craft Collection Furnitures'),(59,2,'12 Nagka dan Peanut.jpg','Craft Collection Furnitures'),(60,2,'13 Piring Dia dan Daun Gelombang Cinta.jpg','Craft Collection Furnitures'),(61,2,'14 TB Sono Tutup dan Aqua.jpg','Craft Collection Furnitures'),(62,2,'15 Tempat Buah Alami dan Sono.jpg','Craft Collection Furnitures'),(63,2,'16 Untir Sono dan Yinyang.jpg','Craft Collection Furnitures'),(64,3,'HD07002 Marrion TV Cabinet Large 200x50x65CM.JPG','Recycle Pine White Furnitures'),(65,3,'HD07003 Marrion Glass Cabinet 1 Door 70x40x200CM.JPG','Recycle Pine White Furnitures'),(66,3,'HD07004 Marrion Glass Cabinet 2 Door 130X48X220CM.JPG','Recycle Pine White Furnitures'),(67,3,'HD07008 Marrion Dining Table 220 (220x110x78CM).JPG','Recycle Pine White Furnitures'),(68,3,'HD07011 Marrion Sideboard Small 160X50X90cm.JPG','Recycle Pine White Furnitures'),(69,3,'HD07012 Marrion Salon Table Box 135x75x50CM.JPG','Recycle Pine White Furnitures'),(70,3,'HD07014 Table 3 Latches 160x45x90CM.JPG','Recycle Pine White Furnitures'),(71,3,'HD07015 Almari 1 Door 75x45x190CM.JPG','Recycle Pine White Furnitures'),(72,3,'HD07016 Bottle Racht 2 Drawers 100x40x105CM.JPG','Recycle Pine White Furnitures'),(73,3,'HD07017 Recca Table 245x103x74CM.JPG','Recycle Pine White Furnitures'),(74,3,'HD07018 Cross Log Table 240x100x75CM.JPG','Recycle Pine White Furnitures'),(75,3,'NO KATALOG.JPG','Recycle Pine White Furnitures'),(76,4,'HD08001 SIDEBOARD 3 DOORS 3 DRAWERS 220X45X85.jpg','Recycle Pine Iron Furnitures'),(77,4,'HD08002 SIDEBOARD 3 DOORS 180X45X85.jpg','Recycle Pine Iron Furnitures'),(78,4,'HD08003 BOOKCASE 3 DRAWERS 50X35X180.jpg','Recycle Pine Iron Furnitures'),(79,4,'HD08004 CABINET 2 DOORS 50X40X180.jpg','Recycle Pine Iron Furnitures'),(80,4,'HD08005 CABINET 4 DOORS 130X45X160.jpg','Recycle Pine Iron Furnitures'),(81,4,'HD08006 CHEST OF DRAWERS 50X40X120.jpg','Recycle Pine Iron Furnitures'),(82,4,'HD08007 TV STAND 2 DRAWERS 2 LATCHES 220X45X37.jpg','Recycle Pine Iron Furnitures'),(83,4,'HD08008 TV STAND 2 DRAWERS 180X45X37.jpg','Recycle Pine Iron Furnitures'),(84,4,'HD08009 TV STAND 1 DRAWERS 140X45X37.jpg','Recycle Pine Iron Furnitures'),(85,4,'HD08010 COFFEE TABLE 4 DRAWERS  135X70X40.jpg','Recycle Pine Iron Furnitures'),(86,4,'HD08011 END TABLE 1 DRAWER  60X60X40.jpg','Recycle Pine Iron Furnitures'),(87,4,'HD08012 COFFEE TABLE WITH BLACK IRON FOR LEGS 135X75X45.jpg','Recycle Pine Iron Furnitures'),(88,4,'HD08013 END TABLE WITH BLACK IRON FOR LEGS 60X60X45.jpg','Recycle Pine Iron Furnitures'),(89,4,'HD08016 DINNING TABLE KD WITH BLACK IRON LEGS 220X100X78.jpg','Recycle Pine Iron Furnitures'),(90,5,'HD09003 Boekenkast 3 Drawers +1OV+1 Doors 195X65X40CM.JPG','Recycle Pine Gray Furnitures'),(91,5,'HD09004 Boekenkast  3 Drawers +3OV 195X65X40CM.JPG','Recycle Pine Gray Furnitures'),(92,5,'HD09005 Dressoir  6 Drawers +2 Doors 75X210X45CM.JPG','Recycle Pine Gray Furnitures'),(93,5,'HD09006 Etafel with Black Iron DT 190x95x78.jpg','Recycle Pine Gray Furnitures'),(94,5,'HD09008 HOEKTAFEL 1OV 65X65X41.jpg','Recycle Pine Gray Furnitures'),(95,5,'HD09009 Hoektafel 1 Door 65X65X41.jpg','Recycle Pine Gray Furnitures'),(96,5,'HD09012 SALONTAFEL 92X92X41CM.JPG','Recycle Pine Gray Furnitures'),(97,5,'HD09013 KOMMODE 2L+2D 110X40X96CM.JPG','Recycle Pine Gray Furnitures'),(98,5,'HD09014 BERNGKAST 3L+2D+2OV 162X120X40CM.JPG','Recycle Pine Gray Furnitures'),(99,6,'DSC_0682.jpg','Cing Classic Collections Furnitures'),(100,6,'DSC_0703.jpg','Cing Classic Collections Furnitures'),(101,6,'DSC_0708.jpg','Cing Classic Collections Furnitures'),(102,6,'DSC_0720.jpg','Cing Classic Collections Furnitures'),(103,6,'DSC_0727.jpg','Cing Classic Collections Furnitures'),(104,6,'HD01009 KURSI TERATAI.jpg','Cing Classic Collections Furnitures'),(105,6,'kursi swanci 01.jpg','Cing Classic Collections Furnitures'),(106,6,'kursi teras hongkong01.jpg','Cing Classic Collections Furnitures'),(107,6,'meja swanci 01.jpg','Cing Classic Collections Furnitures'),(108,6,'meja teh naga 01.jpg','Cing Classic Collections Furnitures'),(109,6,'meja teras hongkong01.jpg','Cing Classic Collections Furnitures'),(110,6,'Set Makan Swanci.jpg','Cing Classic Collections Furnitures'),(111,6,'Set Tamu Cingkok.jpg','Cing Classic Collections Furnitures'),(112,6,'Set Tamu Giok.jpg','Cing Classic Collections Furnitures'),(113,6,'Set Tamu Killin.jpg','Cing Classic Collections Furnitures'),(114,6,'Set Tamu Naga.jpg','Cing Classic Collections Furnitures'),(115,6,'Set Tamu Swanci.jpg','Cing Classic Collections Furnitures'),(116,6,'Set Tamu Taichi.jpg','Cing Classic Collections Furnitures'),(117,6,'set teras hongkong.jpg','Cing Classic Collections Furnitures'),(118,7,'Bench Ming.jpg','Ming Classic Collections Furnitures'),(119,7,'DSC_0679.jpg','Ming Classic Collections Furnitures'),(120,7,'DSC_0681.jpg','Ming Classic Collections Furnitures'),(121,7,'DSC_0718.jpg','Ming Classic Collections Furnitures'),(122,7,'kursi kendang 01.jpg','Ming Classic Collections Furnitures'),(123,7,'meja kendang 01.jpg','Ming Classic Collections Furnitures'),(124,7,'Set Kendang.jpg','Ming Classic Collections Furnitures'),(125,7,'Set Makan Macao.jpg','Ming Classic Collections Furnitures'),(126,7,'Set Partner Desk.jpg','Ming Classic Collections Furnitures'),(127,8,'Bathroom.jpg','Bedroom Design Project'),(128,8,'BD 4 view 1.jpg','Bedroom Design Project'),(129,8,'BD 4 view 3.jpg','Bedroom Design Project'),(130,8,'BD 4 view 4.jpg','Bedroom Design Project'),(131,8,'bedroom 1 view 1.jpg','Bedroom Design Project'),(132,8,'bedroom 1 view 2.jpg','Bedroom Design Project'),(133,8,'bedroom 1 view 3.jpg','Bedroom Design Project'),(134,8,'Bedroom 1 view 4 (bathroom).jpg','Bedroom Design Project'),(135,8,'bedroom 2 view (bathroom).jpg','Bedroom Design Project'),(136,8,'bedroom 2 view 1.jpg','Bedroom Design Project'),(137,8,'bedroom 2 view 2.jpg','Bedroom Design Project'),(138,8,'bedroom 2 view 3.jpg','Bedroom Design Project'),(139,8,'bedroom 3 view 1 (alternatif 1).jpg','Bedroom Design Project'),(140,8,'bedroom 3 view 1 (alternatif 2).jpg','Bedroom Design Project'),(141,8,'bedroom 3 view 2.jpg','Bedroom Design Project'),(142,8,'bedroom 3 view 3.jpg','Bedroom Design Project'),(143,8,'Kamar Anak Bu Erni.jpg','Bedroom Design Project'),(144,8,'Kamar Anak Cewek Pak Agung Budi view 1.jpg','Bedroom Design Project'),(145,8,'Kamar Anak Cewek Pak Agung Budi view 2.jpg','Bedroom Design Project'),(146,8,'Kamar Anak Cowok Kedua Pak Agung Budi view 1.jpg','Bedroom Design Project'),(147,8,'Kamar Anak Cowok Kedua Pak Agung Budi view 2.jpg','Bedroom Design Project'),(148,8,'Kamar Anak Cowok Pertama Pak Agung Budi view 1.jpg','Bedroom Design Project'),(149,8,'Kamar Anak Cowok Pertama Pak Agung Budi view 2.jpg','Bedroom Design Project'),(150,8,'Kamar Anak Kedua Bu Rinas view 1.jpg','Bedroom Design Project'),(151,8,'Kamar Anak Kedua Bu Rinas view 2.jpg','Bedroom Design Project'),(152,8,'Kamar Anak Kedua Bu Rinas view 3.jpg','Bedroom Design Project'),(153,8,'Kamar Anak Pertama Bu Rinas view 1.jpg','Bedroom Design Project'),(154,8,'Kamar Anak Pertama Bu Rinas view 2.jpg','Bedroom Design Project'),(155,8,'Kamar Tidur Tamu Pak Agung Pati.jpg','Bedroom Design Project'),(156,8,'Kamar Utama Bu Tia view 1.jpg','Bedroom Design Project'),(157,8,'Kamar Utama Bu Tia view 2.jpg','Bedroom Design Project'),(158,8,'Kamar Utama Bu Tia view 2i.jpg','Bedroom Design Project'),(159,8,'Kamar Utama Bu Tia view 3.jpg','Bedroom Design Project'),(160,8,'Kamar Utama Bu Tia view 4.jpg','Bedroom Design Project'),(161,8,'Kamar Utama Bu Tia view 5.jpg','Bedroom Design Project'),(162,8,'Kamar Utama Pak Agung Budi view 1.jpg','Bedroom Design Project'),(163,8,'Kamar Utama Pak Agung Budi view 2.jpg','Bedroom Design Project'),(164,8,'Kamar Utama Pak Agung Budi view 3.jpg','Bedroom Design Project'),(165,8,'Kamar Utama Pak Agung Pati view 1.jpg','Bedroom Design Project'),(166,8,'Kamar Utama Pak Agung Pati view 2.jpg','Bedroom Design Project'),(167,8,'Kamar Utama Pak Agung Pati view 3.jpg','Bedroom Design Project'),(168,8,'Kamar Utama Pak Agung Pati view 4 (Bathroom).jpg','Bedroom Design Project'),(169,8,'Main Bedroom (1).jpg','Bedroom Design Project'),(170,8,'Main Bedroom (2).jpg','Bedroom Design Project'),(171,8,'Parents Bedroom (1).jpg','Bedroom Design Project'),(172,8,'Parents Bedroom (2).jpg','Bedroom Design Project'),(173,8,'Parents Bedroom (3).jpg','Bedroom Design Project'),(174,8,'Parents Bedroom (4).jpg','Bedroom Design Project'),(175,9,'area makan Foyer Tengah.jpg','Kitchen Set Design Project'),(176,9,'dry kitchen view 1.jpg','Kitchen Set Design Project'),(177,9,'dry kitchen view 2.jpg','Kitchen Set Design Project'),(178,9,'Kitchen Set Bu Ayuk.jpg','Kitchen Set Design Project'),(179,9,'Kitchen Set Bu Kokom.jpg','Kitchen Set Design Project'),(180,9,'Kitchen Set Bu Tia.jpg','Kitchen Set Design Project'),(181,9,'Kitchen Set Bu Yuyun.jpg','Kitchen Set Design Project'),(182,9,'Kitchen Set Pak Adi view 1.jpg','Kitchen Set Design Project'),(183,9,'Kitchen Set Pak Adi view 2.jpg','Kitchen Set Design Project'),(184,9,'Kitchen Set Pak Agung Budi.jpg','Kitchen Set Design Project'),(185,9,'Kitchen Set Pak Agung Pati view 1.jpg','Kitchen Set Design Project'),(186,9,'Kitchen Set Pak Agung Pati view 2 (alternatif).jpg','Kitchen Set Design Project'),(187,9,'Kitchen Set Pak Agung Pati view 2.jpg','Kitchen Set Design Project'),(188,9,'Kitchen Set Pak Agung Pati view 3.jpg','Kitchen Set Design Project'),(189,9,'Kitchen Set Pak Amit view 1.jpg','Kitchen Set Design Project'),(190,9,'Kitchen Set Pak Amit view 2.jpg','Kitchen Set Design Project'),(193,9,'Kitchen Set Pak Antok.jpg','Kitchen Set Design Project'),(194,9,'Kitchen Set Pak Antony.jpg','Kitchen Set Design Project'),(195,9,'Kitchen Set Pak Antonyi.jpg','Kitchen Set Design Project'),(196,9,'Kitchen Set Pak Budi.jpg','Kitchen Set Design Project'),(197,9,'Kitchen Set Pak Sus Irwanto.jpg','Kitchen Set Design Project'),(198,9,'Kitchen Set Pak Teguh.jpg','Kitchen Set Design Project'),(199,9,'Kitchen Set Pak Teki.jpg','Kitchen Set Design Project'),(200,9,'wet kitchen view 1.jpg','Kitchen Set Design Project'),(201,9,'wet kitchen view 2.jpg','Kitchen Set Design Project'),(203,10,'Family Area Bu Kokom (alternatif).jpg','Living and Familiy Design Project'),(202,10,'area duduk.jpg','Living and Familiy Design Project'),(204,10,'Family Area Bu Kokom.jpg','Living and Familiy Design Project'),(205,10,'Family Area Bu Siska.jpg','Living and Familiy Design Project'),(206,10,'Family Area Bu Tia.jpg','Living and Familiy Design Project'),(207,10,'Family Area Lt 2 (1).jpg','Living and Familiy Design Project'),(208,10,'Family Area Lt 2 (2).jpg','Living and Familiy Design Project'),(209,10,'Family Area new.jpg','Living and Familiy Design Project'),(210,10,'Family Area Pak Agung Budi.jpg','Living and Familiy Design Project'),(211,10,'Family Area Pak Agung Pati (alternatif).jpg','Living and Familiy Design Project'),(212,10,'Family Area Pak Agung Pati.jpg','Living and Familiy Design Project'),(213,10,'Family Area Pak Antok.jpg','Living and Familiy Design Project'),(214,10,'Family Area Pak Teki.jpg','Living and Familiy Design Project'),(215,10,'Foyer Lt 2.jpg','Living and Familiy Design Project'),(216,10,'Foyer.jpg','Living and Familiy Design Project'),(217,10,'Living Area Bu Kokom.jpg','Living and Familiy Design Project'),(218,10,'Living Area Pak Agung Budi.jpg','Living and Familiy Design Project'),(219,10,'Living Area Pak Agung Pati.jpg','Living and Familiy Design Project'),(220,10,'Living Area Pak Sus Irwanto.jpg','Living and Familiy Design Project'),(221,11,'Almari Bawah Tangga Pak Agung Pati.jpg','Others Design Project'),(222,11,'Almari Simpan Pak Antok.jpg','Others Design Project'),(223,11,'Area Baca Pak Agung Pati.jpg','Others Design Project'),(224,11,'Area Photo Booth (Tema Classic) Pak Yoyok.jpg','Others Design Project'),(225,11,'Area PhotoBooth (Tema Kitchen) Pak Yoyok view 1.jpg','Others Design Project'),(226,11,'Area PhotoBooth (Tema Kitchen) Pak Yoyok view 2.jpg','Others Design Project'),(227,11,'Area Praktik Pak Teki view 1.jpg','Others Design Project'),(228,11,'Area Praktik Pak Teki view 2.jpg','Others Design Project'),(229,11,'Area Praktik Pak Teki view 3.jpg','Others Design Project'),(230,11,'Area Praktik Pak Teki view 4 (layout).jpg','Others Design Project'),(231,11,'Area Sholat Pak Agung Pati.jpg','Others Design Project'),(232,11,'Divider Aquarium Pak Heri.jpg','Others Design Project'),(233,11,'Foyer Tengah Pak Agung Pati view 1.jpg','Others Design Project'),(234,11,'Foyer Tengah Pak Agung Pati view 2.jpg','Others Design Project'),(235,11,'Plafond Mas Aji Design.jpg','Others Design Project'),(236,11,'Studio Music Pak Agung Budi view 1.jpg','Others Design Project'),(237,11,'Studio Music Pak Agung Budi view 2.jpg','Others Design Project'),(238,11,'Tempat Jemuran Pak Antok.jpg','Others Design Project'),(239,11,'WIC 1.jpg','Others Design Project'),(240,11,'WIC 2.jpg','Others Design Project'),(241,11,'WIC 3 ii.jpg','Others Design Project'),(242,12,'MG Suits Room Alternate 1 (1).jpg','Hotel Design Project'),(243,12,'MG Suits Room Alternate 1 (2).jpg','Hotel Design Project'),(244,12,'MG Suits Room Alternate 1 (3).jpg','Hotel Design Project'),(245,12,'MG Suits Room Alternate 2 (1).jpg','Hotel Design Project'),(246,12,'MG Suits Room Alternate 2 (2).jpg','Hotel Design Project'),(247,12,'MG Suits Room Alternate 2 (3).jpg','Hotel Design Project'),(248,12,'MG Suits Room Alternate 2 (4).jpg','Hotel Design Project'),(249,13,'Bank BRI Kota Semarang (1).jpg','Office Design Project'),(250,13,'Bank BRI Kota Semarang (2).jpg','Office Design Project'),(251,13,'Bank BRI Kota Semarang (3).jpg','Office Design Project'),(252,13,'Bank BRI Kota Semarang (4).jpg','Office Design Project'),(253,13,'Bank BRI Kota Semarang (5).jpg','Office Design Project'),(254,13,'Bank BRI Kota Semarang (6).jpg','Office Design Project'),(255,13,'Bank BRI Kota Semarang (7).jpg','Office Design Project'),(256,13,'Bank QNB.jpg','Office Design Project'),(257,13,'Cargill Office Purwodadi (1).jpg','Office Design Project'),(258,13,'Cargill Office Purwodadi (2).jpg','Office Design Project'),(259,13,'Cargill Office Purwodadi (3).jpg','Office Design Project'),(260,13,'Cargill Office Purwodadi (4).jpg','Office Design Project'),(261,13,'Cargill Office Purwodadi (5).jpg','Office Design Project'),(262,13,'Cargill Office Purwodadi (6).jpg','Office Design Project'),(263,13,'Cargill Office Purwodadi (7).jpg','Office Design Project'),(264,13,'Cargill Office Purwodadi (8).jpg','Office Design Project'),(265,13,'Cargill Office Purwodadi (9).jpg','Office Design Project'),(266,13,'Cargill Office Purwodadi (10).jpg','Office Design Project'),(267,13,'Cargill Office Purwodadi (11).jpg','Office Design Project'),(268,13,'Cargill Office Purwodadi (12).jpg','Office Design Project'),(269,13,'Cargill Office Purwodadi (13).jpg','Office Design Project'),(270,13,'Cargill Office Purwodadi (14).jpg','Office Design Project'),(271,13,'China Link (Stand Booth) (1).jpg','Office Design Project'),(272,13,'China Link (Stand Booth) (2).jpg','Office Design Project'),(273,13,'Grand Panorama view 1.jpg','Office Design Project'),(274,13,'Grand Panorama view 2.jpg','Office Design Project'),(275,13,'Jaya Metro Semarang (area receptionist) (1).jpg','Office Design Project'),(276,13,'Jaya Metro Semarang (area receptionist) (2).jpg','Office Design Project'),(277,13,'Studio Office Alt a (1).jpg','Office Design Project'),(278,13,'Studio Office Alt a (2).jpg','Office Design Project'),(279,13,'Studio Office Alt a (3).jpg','Office Design Project'),(280,13,'Studio Office Alt b (1).jpg','Office Design Project'),(281,13,'Studio Office Alt b (2).jpg','Office Design Project'),(282,13,'Studio Office Alt b (3).jpg','Office Design Project'),(283,13,'Studio Photo (Receptionist) Pak Rizka (1).jpg','Office Design Project'),(284,13,'Studio Photo (Receptionist) Pak Rizka (2).jpg','Office Design Project'),(285,14,'304_3_color-silver--for-interior-design-ideas-main.jpg','Bedroom Interior Ideas'),(286,14,'a.jpg','Bedroom Interior Ideas'),(287,14,'Asian-Romantic-Master-Bedroom-Designs.jpg','Bedroom Interior Ideas'),(288,14,'b.jpg','Bedroom Interior Ideas'),(289,14,'Bedroom-home-office.jpeg','Bedroom Interior Ideas'),(290,14,'black-walls-for-master-bedroom-interior-3d-house-free.jpg','Bedroom Interior Ideas'),(291,14,'c.jpg','Bedroom Interior Ideas'),(292,14,'enchanting-master-bedroom-decor-ideas-and-ideas-design-ideas.jpg','Bedroom Interior Ideas'),(293,14,'interior-design-ideas-main-bedroom-imposing-decoration-8.jpg','Bedroom Interior Ideas'),(294,14,'master-bedroom-decorating-ideas-in-blue-patterned.jpg','Bedroom Interior Ideas'),(295,14,'Master-Bedroom-Interior-Design-107.jpg','Bedroom Interior Ideas'),(297,14,'master-bedroom-interior-design-with-luxury-decor-on-home-design-.jpg','Bedroom Interior Ideas'),(298,14,'Master-bedroom-interior-design-with-TV-wall-and-wardrobe.jpg','Bedroom Interior Ideas'),(299,14,'modern-master-bedroom-ideas.jpg','Bedroom Interior Ideas'),(300,14,'modern-master-bedroom-interior-design-awesome-1.jpg','Bedroom Interior Ideas'),(301,14,'Neo-classical-style-master-bedroom-interior-design.jpg','Bedroom Interior Ideas'),(302,14,'romantic-master-bedroom-interior-designs.jpg','Bedroom Interior Ideas'),(303,15,'15-03-24-11-46-43_BACKGROUND_KATEGORI_RITEENWB.jpg','Kitchen Set Interior Ideas'),(304,15,'antique-wonderful-color-kitchen-set-design.jpg','Kitchen Set Interior Ideas'),(305,15,'Black-white-kitchen-mini-bar.jpeg','Kitchen Set Interior Ideas'),(306,15,'INTERI~4 (2).JPG','Kitchen Set Interior Ideas'),(307,15,'Interior-Design-Kitchen-Design-With-Wooden-Kitchen-Set.jpg','Kitchen Set Interior Ideas'),(308,15,'interior-design-kitchen-set-l-98c76e41ca2958e6.jpg','Kitchen Set Interior Ideas'),(309,15,'interior-design-kitchensetPB32.jpg','Kitchen Set Interior Ideas'),(310,15,'Interior-Kitchen-Set-Design-by-Kim-Duffin.jpg','Kitchen Set Interior Ideas'),(311,15,'interior-of-wooden-kitchen-set-interior-design-measurements.jpg','Kitchen Set Interior Ideas'),(312,15,'kitchen-set-designs-650.jpg','Kitchen Set Interior Ideas'),(313,15,'Kitchen-Set-Interior-Interior-Ideas-4.jpg','Kitchen Set Interior Ideas'),(314,15,'kitchen-set-unit-with-mini-bar-uder-stair.jpeg','Kitchen Set Interior Ideas'),(315,15,'Natural-Wood-Material-for-Contemporary-Wooden.jpg','Kitchen Set Interior Ideas'),(316,15,'white-apartment-modern-interior-luxury-design.jpg','Kitchen Set Interior Ideas'),(317,15,'White-kitchen-cabinets-furniture.jpg','Kitchen Set Interior Ideas'),(318,16,'aasd.jpg','Living and Family Interior Ideas'),(319,16,'beige-contemporary-living-room-with-unique-black-chair.jpg','Living and Family Interior Ideas'),(320,16,'Comfortable-Warm-Living-Room-Interior-Design.jpg','Living and Family Interior Ideas'),(321,16,'dfhdsf.jpg','Living and Family Interior Ideas'),(322,16,'drop-dead-gorgeous-small-contemporary-living-room.jpg','Living and Family Interior Ideas'),(323,16,'dsgnfgn.jpg','Living and Family Interior Ideas'),(324,16,'Family-Living-Room-Ideas-Cool-With-Photos.jpg','Living and Family Interior Ideas'),(325,16,'Family-Room-Furniture-furniture-living-room-other.jpg','Living and Family Interior Ideas'),(326,16,'images.jpg','Living and Family Interior Ideas'),(327,16,'living-room-inspiration-furniture-layout.jpg','Living and Family Interior Ideas'),(328,16,'Living-Room-Interior-Design-4.jpg','Living and Family Interior Ideas'),(329,16,'New-Impressions-of-Warm-Family-Living-Room-Home.jpg','Living and Family Interior Ideas'),(330,16,'Single-Family-Home-Design-Simple-Living-Room.jpg','Living and Family Interior Ideas'),(331,16,'Small-Back-Garden-Design-Ideas-Modern-Family-Home-With-Luxury.jpg','Living and Family Interior Ideas'),(332,16,'Small-Family-Room-Design-Ideas-With-Grey-Wall-Paint.jpg','Living and Family Interior Ideas'),(333,16,'Small-living-Room-Interior-design4.jpg','Living and Family Interior Ideas'),(334,16,'Today-Modern-Family-Living-Room-Design-Idea2.jpg','Living and Family Interior Ideas'),(335,16,'xgnfgn.jpg','Living and Family Interior Ideas'),(336,17,'awesome-blue-kids-bedroom-interior-design.jpg','Kids and Youth Interior Ideas'),(337,17,'Beautiful-Kids-Bedroom-Interior-Design-with-Colorful-Decoration.jpg','Kids and Youth Interior Ideas'),(338,17,'Bright-Cozy-Master-Bedroom-Interior-Design.jpg','Kids and Youth Interior Ideas'),(339,17,'children-bedroom-interior-design.jpg','Kids and Youth Interior Ideas'),(340,17,'classic-kids-bedroom-interior-design-kids-room-interior-design.jpg','Kids and Youth Interior Ideas'),(341,17,'cool-purple-teen-bedroom-design-ideas-4a.jpg','Kids and Youth Interior Ideas'),(342,17,'Creative-wooden-Style-of-Kids-Bedroom-Interior-Design.jpg','Kids and Youth Interior Ideas'),(343,17,'interior-design-ideas-bedroom-teenage-girls-design-decorating-6.jpg','Kids and Youth Interior Ideas'),(344,17,'Interior-Design-Ideas-Kids-Bedroom.jpg','Kids and Youth Interior Ideas'),(345,17,'Kids-Bedroom-Decorating-Ideas.jpg','Kids and Youth Interior Ideas'),(346,17,'Kids-Bedroom-Interior-Design1.jpg','Kids and Youth Interior Ideas'),(347,17,'Kids-Bedroom-Interior-Design-Ideas-2014.jpg','Kids and Youth Interior Ideas'),(348,17,'kids-bedroom-interior-design-ideas-for-small-rooms-on.jpg','Kids and Youth Interior Ideas'),(349,17,'kids-bedroom-pertaining-to-kids-room-decorating-ideas.jpg','Kids and Youth Interior Ideas'),(350,17,'kids-room-design-ideas-frog-theme.jpg','Kids and Youth Interior Ideas'),(351,17,'kids-room-interior-idea-ideas.jpg','Kids and Youth Interior Ideas'),(352,17,'photos3430.jpg','Kids and Youth Interior Ideas'),(353,17,'Romantic-Traditional-Master-Bedroom-INterior-Design.jpg','Kids and Youth Interior Ideas'),(354,17,'two-kids-bedroom-in-brown-modern-homes-interior-design-and-9096.jpg','Kids and Youth Interior Ideas'),(355,18,'b35c1ae222216520493d3ae1edb76446.jpg','Cafe and Resto Interior Ideas'),(356,18,'best-restaurant-interiors-designer-05.jpg','Cafe and Resto Interior Ideas'),(357,18,'distorted-concept.jpg','Cafe and Resto Interior Ideas'),(358,18,'fantastic-restaurant-interior-design-ideas.jpg','Cafe and Resto Interior Ideas'),(359,18,'interiordesign,restaurant,musa,casual,wood.jpg','Cafe and Resto Interior Ideas'),(360,18,'italian-restaurant-interior-design-ask-italian.jpg','Cafe and Resto Interior Ideas'),(361,18,'Michel-Restaurant-Cozy-Interior-Design.jpg','Cafe and Resto Interior Ideas'),(362,18,'modern-restaurant-interior-design.jpg','Cafe and Resto Interior Ideas'),(363,18,'Restaurant-interior-design-3.jpg','Cafe and Resto Interior Ideas'),(364,18,'Restaurant-Interior-Design-and-Decoration-1.jpg','Cafe and Resto Interior Ideas'),(365,18,'restaurant-interior-design-ideas.jpg','Cafe and Resto Interior Ideas'),(366,18,'restaurant-interior-design-pertaining-to-main-dining.jpg','Cafe and Resto Interior Ideas'),(367,18,'sushi-restaurant-interior-design-ideas-liftupthyneighbor.jpg','Cafe and Resto Interior Ideas'),(368,18,'thai-restaurant-interior-design-500x333.jpg','Cafe and Resto Interior Ideas'),(369,18,'top-restaurant-interiors-designer-07.jpg','Cafe and Resto Interior Ideas'),(370,18,'vdfsbfd.jpg','Cafe and Resto Interior Ideas'),(371,19,'547d98c11cbf15e847414691b657a436.JPG','Office Interior Ideas'),(372,19,'ceb11727636b10fc66fc39125cdc6370.JPG','Office Interior Ideas'),(373,19,'Contemporary-Office-Cubicle-Design-Inspirations.jpg','Office Interior Ideas'),(374,19,'cozy-ultramodern-and-affordable-office-furniture-designs-uubm.jpg','Office Interior Ideas'),(375,19,'d4be6c8944889.560c5fed6e749.jpg','Office Interior Ideas'),(376,19,'dhgfh.jpg','Office Interior Ideas'),(377,19,'futomic-designs modern-office-interior-designers1.jpg','Office Interior Ideas'),(378,19,'futomic-designs-modern-office-interior-designers5.jpg','Office Interior Ideas'),(379,19,'hjk.jpg','Office Interior Ideas'),(380,19,'ktcfkd.jpg','Office Interior Ideas'),(381,19,'marvelous-design-a-home-office-with.jpg','Office Interior Ideas'),(382,19,'modern-apartment-with-home-office.jpg','Office Interior Ideas'),(383,19,'modern-office-design-trends-62.jpg','Office Interior Ideas'),(384,19,'Modern-Office-Furniture.jpg','Office Interior Ideas'),(385,19,'Modern-Office-Furniture-Desk.jpg','Office Interior Ideas'),(386,19,'modern-office-interior-design-microsoft-startup-labs.jpg','Office Interior Ideas'),(387,19,'office-cabin-interior-design-ideas-as-small-interior-design.jpg','Office Interior Ideas'),(388,19,'Office-Interior-Design.jpg','Office Interior Ideas'),(389,19,'office-interior-design-as-modern-office-interior-design.jpg','Office Interior Ideas'),(390,19,'office-interior-designer5.jpg','Office Interior Ideas'),(391,19,'Office-Interior-Design-Ideas-Cute-Of-Front-Office-Design.jpg','Office Interior Ideas'),(392,19,'personal-office-interior-design-vicki-bergelt-interior.jpg','Office Interior Ideas'),(393,19,'personal-office-space.jpg','Office Interior Ideas');

/*Table structure for table `kategori` */

DROP TABLE IF EXISTS `kategori`;

CREATE TABLE `kategori` (
  `id` int(11) NOT NULL AUTO_INCREMENT,
  `id_menu` int(11) DEFAULT NULL,
  `nama` varchar(50) DEFAULT NULL,
  `hapus` varchar(1) DEFAULT NULL,
  PRIMARY KEY (`id`)
) ENGINE=MyISAM AUTO_INCREMENT=21 DEFAULT CHARSET=latin1;

/*Data for the table `kategori` */

insert  into `kategori`(`id`,`id_menu`,`nama`,`hapus`) values (1,1,'MODERN COLLECTIONS','0'),(2,1,'CRAFT COLLECTIONS','0'),(3,1,'RECYCLE PINE - WHITE','0'),(4,1,'RECYCLE PINE - IRON','0'),(5,1,'RECYCLE PINE - GRAY','0'),(6,1,'CLASSIC COLLECTION - CING','0'),(7,1,'CLASSIC COLLECTION - MING','0'),(8,2,'HOME - BEDROOM','0'),(9,2,'HOME - KITCHEN SET','0'),(10,2,'HOME - LIVING AND FAMILY','0'),(11,2,'HOME - OTHERS','0'),(12,2,'HOTEL','0'),(13,2,'OFFICE','0'),(14,3,'HOME - BEDROOM ','0'),(15,3,'HOME - KITCHEN SET','0'),(16,3,'HOME - LIVING AND FAMILY','0'),(17,3,'HOME - KIDS AND YOUTH','0'),(18,3,'CAFE AND RESTO','0'),(19,3,'OFFICE','0'),(20,2,'Tes23','1');

/*Table structure for table `log_login` */

DROP TABLE IF EXISTS `log_login`;

CREATE TABLE `log_login` (
  `tgl` timestamp NOT NULL DEFAULT CURRENT_TIMESTAMP,
  `id_user` int(11) DEFAULT NULL
) ENGINE=InnoDB DEFAULT CHARSET=latin1;

/*Data for the table `log_login` */

insert  into `log_login`(`tgl`,`id_user`) values ('2015-12-10 08:09:01',1),('2015-12-10 08:09:52',1);

/*Table structure for table `menu_public` */

DROP TABLE IF EXISTS `menu_public`;

CREATE TABLE `menu_public` (
  `id` int(11) NOT NULL AUTO_INCREMENT,
  `nama` varchar(25) DEFAULT NULL,
  `hapus` varchar(1) DEFAULT NULL,
  PRIMARY KEY (`id`)
) ENGINE=MyISAM AUTO_INCREMENT=4 DEFAULT CHARSET=latin1;

/*Data for the table `menu_public` */

insert  into `menu_public`(`id`,`nama`,`hapus`) values (1,'FURNITURE','0'),(2,'DESIGN PROJECT','0'),(3,'INTERIOR IDEAS','0');

/*Table structure for table `pemakai` */

DROP TABLE IF EXISTS `pemakai`;

CREATE TABLE `pemakai` (
  `id` int(11) NOT NULL AUTO_INCREMENT,
  `nama` varchar(50) DEFAULT NULL,
  `jk` varchar(1) DEFAULT NULL,
  `user` text,
  `kunci` text,
  `hapus` varchar(1) DEFAULT NULL,
  PRIMARY KEY (`id`)
) ENGINE=InnoDB AUTO_INCREMENT=2 DEFAULT CHARSET=latin1;

/*Data for the table `pemakai` */

insert  into `pemakai`(`id`,`nama`,`jk`,`user`,`kunci`,`hapus`) values (1,'Rifky Zulfikar','L','WWc9PQ==','WWc9PQ==','0');

/*!40101 SET SQL_MODE=@OLD_SQL_MODE */;
/*!40014 SET FOREIGN_KEY_CHECKS=@OLD_FOREIGN_KEY_CHECKS */;
/*!40014 SET UNIQUE_CHECKS=@OLD_UNIQUE_CHECKS */;
/*!40111 SET SQL_NOTES=@OLD_SQL_NOTES */;
